,open,high,low,close,volume,value,middleBand,upperBand,sellingPrice,prevHigh,prevMiddle,prevClose,prevSellingPrice,isBuying,isSelling,ror
2024-03-22 16:03:00,14970.0,14970.0,14960.0,14970.0,147.98832616,2214482.7975499,,,,,,,,False,False,1.0
2024-03-22 16:04:00,14960.0,14960.0,14950.0,14950.0,270.06739776,4039476.043464,,,,14970.0,,14970.0,,False,False,1.0
2024-03-22 16:05:00,14970.0,14970.0,14930.0,14950.0,2334.1985601,34872580.4751432,,,,14960.0,,14950.0,,False,False,1.0
2024-03-22 16:06:00,14970.0,14970.0,14940.0,14940.0,376.95134629,5636479.8391908,,,,14970.0,,14950.0,,False,False,1.0
2024-03-22 16:07:00,14940.0,14940.0,14880.0,14890.0,4504.96211549,67177507.8523045,,,,14970.0,,14940.0,,False,False,1.0
2024-03-22 16:08:00,14890.0,14930.0,14890.0,14930.0,2607.21943088,38846114.7454482,,,,14940.0,,14890.0,,False,False,1.0
2024-03-22 16:09:00,14930.0,14950.0,14910.0,14910.0,813.0363898,12135332.5305923,,,,14930.0,,14930.0,,False,False,1.0
2024-03-22 16:10:00,14920.0,14960.0,14920.0,14960.0,165.70765747,2472652.2072044,,,,14950.0,,14910.0,,False,False,1.0
2024-03-22 16:11:00,14950.0,14970.0,14940.0,14950.0,213.59969967,3193804.7142903,,,,14960.0,,14960.0,,False,False,1.0
2024-03-22 16:12:00,14950.0,14970.0,14940.0,14940.0,1014.40608443,15156715.7878055,,,,14970.0,,14950.0,,False,False,1.0
2024-03-22 16:13:00,14930.0,14940.0,14920.0,14940.0,452.50694648,6755076.462138,,,,14970.0,,14940.0,,False,False,1.0
2024-03-22 16:14:00,14940.0,15000.0,14940.0,15000.0,495.07822235,7412315.568931,,,,14940.0,,14940.0,,False,False,1.0
2024-03-22 16:15:00,15000.0,15020.0,14980.0,14990.0,1597.58559299,23963295.9452178,,,,15000.0,,15000.0,,False,False,1.0
2024-03-22 16:16:00,14980.0,14980.0,14960.0,14960.0,680.47772646,10187224.9153406,,,,15020.0,,14990.0,,False,False,1.0
2024-03-22 16:17:00,14950.0,14960.0,14950.0,14950.0,261.86945586,3915283.1188017,,,,14980.0,,14960.0,,False,False,1.0
2024-03-22 16:18:00,14960.0,14960.0,14930.0,14960.0,252.85022299,3777840.7567552,,,,14960.0,,14950.0,,False,False,1.0
2024-03-22 16:19:00,14940.0,14940.0,14920.0,14940.0,1224.00485671,18280371.1726344,,,,14960.0,,14960.0,,False,False,1.0
2024-03-22 16:20:00,14930.0,14930.0,14900.0,14930.0,1898.79451938,28301907.1871488,,,,14940.0,,14940.0,,False,False,1.0
2024-03-22 16:21:00,14900.0,14930.0,14890.0,14890.0,1878.00231895,27972620.1408925,,,,14930.0,,14930.0,,False,False,1.0
2024-03-22 16:22:00,14900.0,14900.0,14900.0,14900.0,9.51529571,141777.906079,14942.5,15000.854632702938,14995.019169432644,14930.0,,14890.0,,False,False,1.0
2024-03-22 16:23:00,14920.0,14920.0,14890.0,14910.0,1170.69924074,17449076.1787775,14939.5,14998.070695025666,14992.2136255231,14900.0,14942.5,14900.0,14995.019169432644,False,False,1.0
2024-03-22 16:24:00,14910.0,14940.0,14900.0,14920.0,999.47932302,14910217.5881596,14938.0,14996.973678339087,14991.07631050518,14920.0,14939.5,14910.0,14992.2136255231,True,False,1.0
2024-03-22 16:25:00,14920.0,14950.0,14920.0,14950.0,170.52617785,2548575.2977195,14938.0,14996.973678339087,14991.07631050518,14940.0,14938.0,14920.0,14991.07631050518,False,False,1.0
2024-03-22 16:26:00,14940.0,14990.0,14940.0,14960.0,230.06193777,3443282.991046,14939.0,14998.78910303814,14992.810192734325,14950.0,14938.0,14950.0,14991.07631050518,False,False,1.0
2024-03-22 16:27:00,14960.0,14970.0,14950.0,14950.0,871.20601571,13031098.2588303,14942.0,14997.288715894503,14991.759844305052,14990.0,14939.0,14960.0,14992.810192734325,False,False,1.0
2024-03-22 16:28:00,14940.0,14970.0,14930.0,14970.0,368.17861172,5499702.9588264,14944.0,15000.344803150825,14994.710322835743,14970.0,14942.0,14950.0,14991.759844305052,False,False,1.0
2024-03-22 16:29:00,14970.0,14990.0,14950.0,14950.0,1721.3190514,25765347.6985137,14946.0,15000.056500655868,14994.650850590282,14970.0,14944.0,14970.0,14994.710322835743,False,False,1.0
2024-03-22 16:30:00,14980.0,15000.0,14960.0,15000.0,463.98508579,6954789.2441858,14948.0,15006.973678339087,15001.07631050518,14990.0,14946.0,14950.0,14994.650850590282,False,True,1.0036916128779598
2024-03-22 16:31:00,14990.0,15010.0,14970.0,14970.0,1109.77696949,16629654.6380089,14949.0,15008.78910303814,15002.810192734325,15000.0,14948.0,15000.0,15001.07631050518,False,True,1.0
2024-03-22 16:32:00,14980.0,15000.0,14970.0,14980.0,2128.4669528,31870404.4496785,14951.0,15012.181352508234,15006.063217257411,15010.0,14949.0,14970.0,15002.810192734325,False,False,1.0
2024-03-22 16:33:00,14980.0,15000.0,14970.0,15000.0,1820.6607442,27270770.9259939,14954.0,15018.693609869095,15012.224248882185,15000.0,14951.0,14980.0,15006.063217257411,False,False,1.0
2024-03-22 16:34:00,14990.0,15000.0,14980.0,15000.0,1142.97964079,17129621.4500515,14954.0,15018.693609869095,15012.224248882185,15000.0,14954.0,15000.0,15012.224248882185,False,False,1.0
2024-03-22 16:35:00,15000.0,15020.0,14990.0,15020.0,797.22323831,11962821.2554054,14955.5,15024.926219830837,15017.983597847753,15000.0,14954.0,15000.0,15012.224248882185,False,True,1.0
2024-03-22 16:36:00,15020.0,15020.0,14980.0,15020.0,1565.7950639,23480890.0847525,14958.5,15033.690984901956,15026.171886411761,15020.0,14955.5,15020.0,15017.983597847753,False,True,1.0
2024-03-22 16:37:00,15020.0,15020.0,14990.0,15010.0,1639.33284265,24610443.8312991,14961.5,15039.978961310791,15032.131065179712,15020.0,14958.5,15020.0,15026.171886411761,False,False,1.0
2024-03-22 16:38:00,15010.0,15010.0,14990.0,15010.0,960.51166848,14405276.7460062,14964.0,15045.408650775285,15037.267785697757,15020.0,14961.5,15010.0,15032.131065179712,False,False,1.0
2024-03-22 16:39:00,15010.0,15010.0,15000.0,15010.0,165.46367817,2483341.235119,14967.5,15050.566238629179,15042.25961476626,15010.0,14964.0,15010.0,15037.267785697757,False,False,1.0
2024-03-22 16:40:00,15010.0,15070.0,15000.0,15050.0,1637.85749227,24652543.7531367,14973.5,15062.29900426184,15053.419103835657,15010.0,14967.5,15010.0,15042.25961476626,False,True,1.0
2024-03-22 16:41:00,15050.0,15080.0,15030.0,15050.0,2585.84801758,38912076.2528175,14981.5,15067.406926379655,15058.81623374169,15070.0,14973.5,15050.0,15053.419103835657,False,True,1.0
2024-03-22 16:42:00,15050.0,15050.0,15020.0,15020.0,529.00707672,7947922.0227648,14987.5,15065.871584539023,15058.034426085122,15080.0,14981.5,15050.0,15058.81623374169,False,False,1.0
2024-03-22 16:43:00,15010.0,15020.0,15010.0,15010.0,934.29451487,14023773.9864407,14992.5,15062.349462191347,15055.364515972213,15050.0,14987.5,15020.0,15058.034426085122,False,False,1.0
2024-03-22 16:44:00,15000.0,15010.0,14990.0,15010.0,1666.77738472,24999414.0980379,14997.0,15058.250134264077,15052.125120837669,15020.0,14992.5,15010.0,15055.364515972213,False,False,1.0
2024-03-22 16:45:00,15000.0,15040.0,15000.0,15040.0,567.13019688,8507598.2610649,15001.5,15061.42100062406,15055.428900561654,15010.0,14997.0,15010.0,15052.125120837669,False,False,1.0
2024-03-22 16:46:00,15030.0,15030.0,15000.0,15020.0,437.01431109,6560265.9754022,15004.5,15061.614842757,15055.9033584813,15040.0,15001.5,15040.0,15055.428900561654,False,False,1.0
2024-03-22 16:47:00,15030.0,15040.0,15010.0,15020.0,514.92916999,7738707.8147938,15008.0,15059.339940335796,15054.205946302216,15030.0,15004.5,15020.0,15055.9033584813,False,False,1.0
2024-03-22 16:48:00,15020.0,15040.0,14990.0,15020.0,1825.29814623,27395849.268834,15010.5,15058.830005935062,15053.997005341556,15040.0,15008.0,15020.0,15054.205946302216,False,False,1.0
2024-03-22 16:49:00,15020.0,15040.0,15000.0,15000.0,809.38643306,12143425.0633343,15013.0,15052.523477366709,15048.571129630038,15040.0,15010.5,15020.0,15053.997005341556,False,False,1.0
2024-03-22 16:50:00,15000.0,15030.0,14990.0,15020.0,2395.48968386,35937638.0813102,15014.0,15053.148838794354,15049.233954914918,15040.0,15013.0,15000.0,15048.571129630038,False,False,1.0
2024-03-22 16:51:00,15000.0,15020.0,14990.0,14990.0,2563.35185481,38444897.5712634,15015.0,15050.243513774265,15046.71916239684,15030.0,15014.0,15020.0,15049.233954914918,False,False,1.0
2024-03-22 16:52:00,14990.0,15010.0,14990.0,15010.0,690.46789789,10352428.9639362,15016.5,15047.804951684979,15044.67445651648,15020.0,15015.0,14990.0,15046.71916239684,False,False,1.0
2024-03-22 16:53:00,14990.0,15020.0,14990.0,15010.0,2638.94745982,39588695.2214921,15017.0,15047.504529430698,15044.45407648763,15010.0,15016.5,15010.0,15044.67445651648,True,False,1.0
2024-03-22 16:54:00,15010.0,15020.0,14990.0,14990.0,2110.1891416,31641916.8573937,15016.5,15048.47038102927,15045.273342926343,15020.0,15017.0,15010.0,15044.45407648763,False,False,1.0
2024-03-22 16:55:00,14980.0,15010.0,14970.0,14980.0,3657.29024135,54773610.133187,15014.5,15050.321193373975,15046.739074036577,15020.0,15016.5,14990.0,15045.273342926343,False,False,1.0
2024-03-22 16:56:00,14980.0,14980.0,14970.0,14970.0,976.42436523,14626723.3871017,15012.0,15052.83342284271,15048.750080558439,15010.0,15014.5,14980.0,15046.739074036577,False,False,1.0
2024-03-22 16:57:00,14970.0,15000.0,14970.0,15000.0,1850.27048007,27700523.5890817,15011.5,15052.679964469182,15048.561968022264,14980.0,15012.0,14970.0,15048.750080558439,False,False,1.0
2024-03-22 16:58:00,14980.0,15000.0,14980.0,15000.0,625.60660368,9379077.9403402,15011.0,15052.498256145973,15048.348430531376,15000.0,15011.5,15000.0,15048.561968022264,False,False,1.0
2024-03-22 16:59:00,15000.0,15010.0,15000.0,15010.0,586.39134752,8800327.1233228,15011.0,15052.498256145973,15048.348430531376,15000.0,15011.0,15000.0,15048.348430531376,False,False,1.0
2024-03-22 17:00:00,15010.0,15010.0,14990.0,14990.0,1238.47172837,18584365.6216639,15008.0,15046.16860103884,15042.351740934957,15010.0,15011.0,15010.0,15048.348430531376,False,False,1.0
2024-03-22 17:01:00,15030.0,15050.0,15010.0,15050.0,705.23585149,10596625.289704,15008.0,15046.16860103884,15042.351740934957,15010.0,15008.0,14990.0,15042.351740934957,False,True,1.001721555684411
2024-03-22 17:02:00,15040.0,15050.0,15030.0,15030.0,766.04688093,11514627.9891519,15008.5,15047.581561138875,15043.673405024987,15050.0,15008.0,15050.0,15042.351740934957,False,True,1.0
2024-03-22 17:03:00,15030.0,15030.0,15010.0,15020.0,1006.60048004,15118940.4160506,15009.0,15048.416801119894,15044.475121007905,15050.0,15008.5,15030.0,15043.673405024987,False,False,1.0
2024-03-22 17:04:00,15020.0,15050.0,15020.0,15040.0,1094.30248612,16466028.527573,15010.5,15052.288943387846,15048.11004904906,15030.0,15009.0,15020.0,15044.475121007905,False,True,1.0
2024-03-22 17:05:00,15040.0,15090.0,15040.0,15080.0,4551.63607779,68549756.6642832,15012.5,15063.127639632277,15058.06487566905,15050.0,15010.5,15040.0,15048.11004904906,False,True,1.0
2024-03-22 17:06:00,15080.0,15100.0,15060.0,15070.0,5034.18135635,75945830.6745958,15015.0,15071.754318175605,15066.078886358044,15090.0,15012.5,15080.0,15058.06487566905,False,True,1.0
2024-03-22 17:07:00,15090.0,15150.0,15070.0,15140.0,7682.54917838,116023010.8384135,15021.0,15100.710000693294,15092.739000623966,15100.0,15015.0,15070.0,15066.078886358044,False,True,1.0
2024-03-22 17:08:00,15150.0,15150.0,15100.0,15100.0,7287.11434403,110246059.3582213,15025.0,15112.177978870806,15103.460180983726,15150.0,15021.0,15140.0,15092.739000623966,False,True,1.0
2024-03-22 17:09:00,15120.0,15130.0,15090.0,15120.0,5648.94725704,85351515.4354664,15031.0,15127.004385864719,15117.403947278246,15150.0,15025.0,15100.0,15103.460180983726,False,True,1.0
2024-03-22 17:10:00,15120.0,15120.0,15050.0,15060.0,10797.36531064,162783320.4976306,15033.0,15129.703562226874,15120.033206004187,15130.0,15031.0,15120.0,15117.403947278246,False,True,1.0
2024-03-22 17:11:00,15100.0,15100.0,15050.0,15070.0,2111.66314906,31841124.2804592,15037.0,15132.828794705638,15123.245915235075,15120.0,15033.0,15060.0,15120.033206004187,False,False,1.0
2024-03-22 17:12:00,15070.0,15100.0,15040.0,15080.0,2136.4243849,32163237.8101748,15040.5,15137.285166327549,15127.606649694793,15100.0,15037.0,15070.0,15123.245915235075,False,False,1.0
2024-03-22 17:13:00,15090.0,15090.0,15050.0,15050.0,30.51552898,460067.2439886,15042.5,15138.279351691921,15128.701416522728,15100.0,15040.5,15080.0,15127.606649694793,False,False,1.0
2024-03-22 17:14:00,15060.0,15060.0,15060.0,15060.0,605.58653449,9120133.2094194,15046.0,15138.770231159959,15129.493208043963,15090.0,15042.5,15050.0,15128.701416522728,False,False,1.0
2024-03-22 17:15:00,15090.0,15090.0,15060.0,15060.0,490.42905471,7400064.6949722,15050.0,15137.539464784377,15128.78551830594,15060.0,15046.0,15060.0,15129.493208043963,False,False,1.0
2024-03-22 17:16:00,15060.0,15130.0,15060.0,15100.0,953.14773114,14395019.0879422,15056.5,15138.134615980685,15129.971154382616,15090.0,15050.0,15060.0,15128.78551830594,False,True,1.0
2024-03-22 17:17:00,15100.0,15160.0,15090.0,15110.0,6931.06658369,104943528.4560753,15062.0,15142.419950391994,15134.377955352795,15130.0,15056.5,15100.0,15129.971154382616,False,True,1.0
2024-03-22 17:18:00,15130.0,15130.0,15090.0,15100.0,777.30219628,11742201.8499536,15067.0,15143.530007874437,15135.877007086992,15160.0,15062.0,15110.0,15134.377955352795,False,False,1.0
2024-03-22 17:19:00,15080.0,15090.0,15070.0,15090.0,576.28704742,8689286.0354688,15071.0,15143.22771009288,15136.004939083592,15130.0,15067.0,15100.0,15135.877007086992,False,False,1.0
2024-03-22 17:20:00,15090.0,15090.0,15070.0,15080.0,450.45384922,6796091.388789,15075.5,15136.878892308761,15130.741003077885,15090.0,15071.0,15090.0,15136.004939083592,False,False,1.0
2024-03-22 17:21:00,15080.0,15110.0,15080.0,15080.0,58.09796674,876133.2219599,15077.0,15137.210158261647,15131.189142435482,15090.0,15075.5,15080.0,15130.741003077885,False,False,1.0
2024-03-22 17:22:00,15110.0,15110.0,15100.0,15100.0,1560.86371448,23579442.1795778,15080.5,15137.245043836425,15131.570539452783,15110.0,15077.0,15080.0,15131.189142435482,False,False,1.0
2024-03-22 17:23:00,15100.0,15120.0,15080.0,15120.0,585.52208386,8844603.4701776,15085.5,15137.197500703081,15132.027750632773,15110.0,15080.5,15100.0,15131.570539452783,False,False,1.0
2024-03-22 17:24:00,15130.0,15160.0,15130.0,15130.0,2012.73334792,30470856.9237968,15090.0,15140.679592072443,15135.611632865199,15120.0,15085.5,15120.0,15132.027750632773,False,True,1.0
2024-03-22 17:25:00,15130.0,15130.0,15080.0,15090.0,5231.32087996,79057697.2576662,15090.5,15140.961032386103,15135.914929147493,15160.0,15090.0,15130.0,15135.611632865199,False,False,1.0
2024-03-22 17:26:00,15080.0,15100.0,15080.0,15100.0,546.73436248,8247156.4940563,15092.0,15141.672612383993,15136.705351145592,15130.0,15090.5,15090.0,15135.914929147493,False,False,1.0
2024-03-22 17:27:00,15090.0,15100.0,15090.0,15090.0,575.89968208,8691650.7058984,15089.5,15133.73620807959,15129.312587271632,15100.0,15092.0,15100.0,15136.705351145592,False,False,1.0
2024-03-22 17:28:00,15090.0,15100.0,15090.0,15100.0,1307.13140618,19729996.0473153,15089.5,15133.73620807959,15129.312587271632,15100.0,15089.5,15090.0,15129.312587271632,False,False,1.0
2024-03-22 17:29:00,15100.0,15100.0,15090.0,15090.0,335.45678542,5063017.9893146,15088.0,15129.85186910242,15125.666682192179,15100.0,15089.5,15100.0,15129.312587271632,False,False,1.0
2024-03-22 17:30:00,15090.0,15110.0,15080.0,15080.0,205.30719072,3097344.8334398,15089.0,15128.94733374935,15124.952600374414,15100.0,15088.0,15090.0,15125.666682192179,False,False,1.0
2024-03-22 17:31:00,15080.0,15110.0,15070.0,15070.0,1661.2613495,25052044.2393562,15089.0,15128.94733374935,15124.952600374414,15110.0,15089.0,15080.0,15124.952600374414,False,False,1.0
2024-03-22 17:32:00,15070.0,15070.0,15020.0,15030.0,5453.34317193,82033890.7283062,15086.5,15134.304426132865,15129.523983519579,15110.0,15089.0,15070.0,15124.952600374414,False,False,1.0
2024-03-22 17:33:00,15030.0,15090.0,15020.0,15050.0,382.12179234,5741410.5469475,15086.5,15134.304426132865,15129.523983519579,15070.0,15086.5,15030.0,15129.523983519579,True,False,1.0
2024-03-22 17:34:00,15090.0,15090.0,15050.0,15090.0,10.84528689,163367.8709531,15088.0,15134.157624676614,15129.541862208953,15090.0,15086.5,15050.0,15129.523983519579,False,False,1.0
2024-03-22 17:35:00,15090.0,15090.0,15050.0,15060.0,184.11222098,2774177.7730274,15088.0,15134.157624676614,15129.541862208953,15090.0,15088.0,15090.0,15129.541862208953,False,False,1.0
2024-03-22 17:36:00,15060.0,15060.0,15030.0,15030.0,188.05391104,2827246.3051911,15084.5,15137.005638794904,15131.755074915414,15090.0,15088.0,15060.0,15129.541862208953,False,False,1.0
2024-03-22 17:37:00,15040.0,15040.0,15030.0,15040.0,373.07605528,5610854.133442,15081.0,15135.637561785757,15130.17380560718,15060.0,15084.5,15030.0,15131.755074915414,False,False,1.0
2024-03-22 17:38:00,15030.0,15030.0,15010.0,15030.0,2121.79218331,31875151.5821801,15077.5,15135.85463270292,15130.019169432628,15040.0,15081.0,15040.0,15130.17380560718,False,False,1.0
2024-03-22 17:39:00,15010.0,15030.0,15010.0,15020.0,939.70856272,14111757.6709358,15074.0,15137.378561874351,15131.040705686915,15030.0,15077.5,15030.0,15130.019169432628,False,False,1.0
2024-03-22 17:40:00,15030.0,15050.0,15010.0,15050.0,1771.98562163,26633075.8627411,15072.5,15136.695425316582,15130.275882784925,15030.0,15074.0,15020.0,15131.040705686915,False,False,1.0
2024-03-22 17:41:00,15060.0,15060.0,15020.0,15060.0,507.43814374,7631825.8836218,15071.5,15135.826469954756,15129.39382295928,15050.0,15072.5,15050.0,15130.275882784925,False,False,1.0
2024-03-22 17:42:00,15020.0,15020.0,15020.0,15020.0,339.6195789,5101086.075078,15067.5,15134.267467653342,15127.590720888009,15060.0,15071.5,15060.0,15129.39382295928,False,False,1.0
2024-03-22 17:43:00,15020.0,15030.0,14990.0,14990.0,5327.84297306,79936308.1564883,15061.0,15131.457153833475,15124.411438450128,15020.0,15067.5,15020.0,15127.590720888009,False,False,1.0
2024-03-22 17:44:00,14990.0,15000.0,14980.0,14980.0,2747.92007465,41202771.3492131,15053.5,15124.958489974753,15117.812640977278,15030.0,15061.0,14990.0,15124.411438450128,False,False,1.0
2024-03-22 17:45:00,14980.0,15000.0,14980.0,14990.0,969.05509342,14528247.7375886,15048.5,15123.128906492115,15115.666015842904,15000.0,15053.5,14980.0,15117.812640977278,False,False,1.0
2024-03-22 17:46:00,15020.0,15030.0,15000.0,15030.0,140.01739406,2101887.3410124,15045.0,15115.93362353191,15108.840261178719,15000.0,15048.5,14990.0,15115.666015842904,False,False,1.0
2024-03-22 17:47:00,15030.0,15030.0,15020.0,15030.0,266.10465693,3999353.2599694,15042.0,15109.931854399123,15103.138668959211,15030.0,15045.0,15030.0,15108.840261178719,False,False,1.0
2024-03-22 17:48:00,15010.0,15030.0,15000.0,15020.0,2183.11073147,32773549.8526523,15038.0,15100.77780365366,15094.500023288294,15030.0,15042.0,15030.0,15103.138668959211,False,False,1.0
2024-03-22 17:49:00,15020.0,15020.0,15000.0,15020.0,730.82010763,10970132.4013556,15034.5,15092.71014561595,15086.889131054355,15030.0,15038.0,15020.0,15094.500023288294,False,False,1.0
2024-03-22 17:50:00,15010.0,15020.0,15000.0,15000.0,215.76269361,3239243.1496855,15030.5,15086.49812026919,15080.898308242271,15020.0,15034.5,15020.0,15086.889131054355,False,False,1.0
2024-03-22 17:51:00,15010.0,15010.0,14970.0,15000.0,5464.03822106,81860735.6407083,15027.0,15081.328435900245,15075.89559231022,15020.0,15030.5,15000.0,15080.898308242271,False,False,1.0
2024-03-22 17:52:00,14970.0,15000.0,14930.0,14930.0,2660.93697381,39802736.5362481,15022.0,15091.464114173388,15084.51770275605,15010.0,15027.0,15000.0,15075.89559231022,False,False,1.0
2024-03-22 17:53:00,14950.0,14960.0,14920.0,14960.0,1140.45082531,17023714.4499074,15017.5,15090.877179874364,15083.539461886927,15000.0,15022.0,14930.0,15084.51770275605,False,False,1.0
2024-03-22 17:54:00,14950.0,14950.0,14910.0,14950.0,451.7259918,6743964.4054006,15010.5,15081.426203308709,15074.333582977837,14960.0,15017.5,14960.0,15083.539461886927,False,False,1.0
2024-03-22 17:55:00,14930.0,14950.0,14930.0,14950.0,2180.09894707,32554634.7486443,15005.0,15076.818484645954,15069.636636181358,14950.0,15010.5,14950.0,15074.333582977837,False,False,1.0
2024-03-22 17:56:00,14940.0,14940.0,14910.0,14910.0,2243.57828106,33475498.6855636,14999.0,15081.308789579876,15073.077910621889,14950.0,15005.0,14950.0,15069.636636181358,False,False,1.0
2024-03-22 17:57:00,14900.0,14910.0,14880.0,14880.0,4609.3189426,68635221.6942964,14991.0,15086.564803034102,15077.008322730691,14940.0,14999.0,14910.0,15073.077910621889,False,False,1.0
2024-03-22 17:58:00,14910.0,14910.0,14860.0,14880.0,5983.13876604,89036917.7892257,14983.5,15089.185730750229,15078.617157675206,14910.0,14991.0,14880.0,15077.008322730691,False,False,1.0
2024-03-22 17:59:00,14880.0,14910.0,14880.0,14910.0,1977.96205082,29456599.1746884,14978.0,15087.082296310724,15076.174066679652,14910.0,14983.5,14880.0,15078.617157675206,False,False,1.0
2024-03-22 18:00:00,14890.0,14910.0,14880.0,14910.0,3041.76184814,45284789.9369366,14971.0,15078.585950951343,15067.827355856209,14910.0,14978.0,14910.0,15076.174066679652,False,False,1.0
2024-03-22 18:01:00,14910.0,14930.0,14910.0,14930.0,298.06897769,4449582.2276997,14964.5,15064.914928644781,15054.873435780302,14910.0,14971.0,14910.0,15067.827355856209,False,False,1.0
2024-03-22 18:02:00,14910.0,14930.0,14900.0,14910.0,3890.63226423,57985225.611573,14959.0,15058.662588662683,15048.696329796414,14930.0,14964.5,14930.0,15054.873435780302,False,False,1.0
2024-03-22 18:03:00,14910.0,14940.0,14900.0,14930.0,875.190199,13064688.5844311,14956.0,15055.34522476803,15045.410702291229,14930.0,14959.0,14910.0,15048.696329796414,False,False,1.0
2024-03-22 18:04:00,14930.0,14930.0,14900.0,14920.0,1158.81066612,17276669.0626569,14953.0,15052.91575398673,15042.924178588057,14940.0,14956.0,14930.0,15045.410702291229,False,False,1.0
2024-03-22 18:05:00,14890.0,14920.0,14890.0,14920.0,3661.71467709,54527947.4493947,14949.5,15048.861117037539,15038.925005333786,14930.0,14953.0,14920.0,15042.924178588057,False,False,1.0
2024-03-22 18:06:00,14920.0,14920.0,14890.0,14890.0,1265.50834821,18876273.1104882,14942.5,15037.61765567471,15028.10589010724,14920.0,14949.5,14920.0,15038.925005333786,False,False,1.0
2024-03-22 18:07:00,14890.0,14890.0,14880.0,14880.0,1684.0824281,25070860.7950453,14935.0,15024.560329563814,15015.604296607433,14920.0,14942.5,14890.0,15028.10589010724,False,False,1.0
2024-03-22 18:08:00,14890.0,14890.0,14870.0,14870.0,3722.62542555,55380798.5659574,14927.5,15012.073232047425,15003.615908842683,14890.0,14935.0,14880.0,15015.604296607433,False,False,1.0
2024-03-22 18:09:00,14870.0,14900.0,14870.0,14900.0,448.33554316,6675710.0375088,14921.5,14994.704831592057,14987.38434843285,14890.0,14927.5,14870.0,15003.615908842683,False,False,1.0
2024-03-22 18:10:00,14900.0,14920.0,14880.0,14920.0,1460.37820244,21748057.0667969,14917.5,14980.703930590635,14974.383537531572,14900.0,14921.5,14900.0,14987.38434843285,False,False,1.0
2024-03-22 18:11:00,14910.0,14930.0,14900.0,14930.0,317.5526246,4734748.6165321,14914.0,14964.429732249311,14959.38675902438,14920.0,14917.5,14920.0,14974.383537531572,False,False,1.0
2024-03-22 18:12:00,14920.0,14920.0,14920.0,14920.0,86.64022439,1292672.1478988,14913.5,14963.45787699337,14958.462089294033,14930.0,14914.0,14930.0,14959.38675902438,False,False,1.0
2024-03-22 18:13:00,14920.0,14930.0,14910.0,14930.0,352.50974361,5262724.6014761,14912.0,14957.699245646203,14953.129321081582,14920.0,14913.5,14920.0,14958.462089294033,False,False,1.0
2024-03-22 18:14:00,14940.0,14950.0,14930.0,14930.0,278.61699185,4162787.926576,14911.0,14953.993267526812,14949.69394077413,14930.0,14912.0,14930.0,14953.129321081582,False,False,1.0
2024-03-22 18:15:00,14940.0,14950.0,14930.0,14950.0,689.72811021,10311313.2131869,14911.0,14953.993267526812,14949.69394077413,14950.0,14911.0,14930.0,14949.69394077413,False,True,0.9909318888260451
2024-03-22 18:16:00,14940.0,14960.0,14940.0,14960.0,100.42226917,1501599.6400082,14913.5,14961.742806935885,14956.918526242296,14950.0,14911.0,14950.0,14949.69394077413,False,True,1.0
2024-03-22 18:17:00,14980.0,14980.0,14970.0,14980.0,476.42963696,7136905.9616608,14918.5,14972.507796708102,14967.107017037291,14960.0,14913.5,14960.0,14956.918526242296,False,True,1.0
2024-03-22 18:18:00,14980.0,15010.0,14980.0,15010.0,2449.20322046,36713390.7010492,14925.0,14989.72614374587,14983.253529371283,14980.0,14918.5,14980.0,14967.107017037291,False,True,1.0
2024-03-22 18:19:00,15010.0,15010.0,15000.0,15000.0,19.98384878,299833.8803144,14929.5,15001.89511469415,14994.655603224735,15010.0,14925.0,15010.0,14983.253529371283,False,True,1.0
2024-03-22 18:20:00,15010.0,15010.0,15010.0,15010.0,60.12644903,902497.9999403,14934.5,15014.624902496042,15006.612412246437,15010.0,14929.5,15000.0,14994.655603224735,False,True,1.0
2024-03-22 18:21:00,15010.0,15010.0,15010.0,15010.0,507.73307549,7621073.4631049,14938.5,15025.38164968871,15016.693484719839,15010.0,14934.5,15010.0,15006.612412246437,False,True,1.0
2024-03-22 18:22:00,15010.0,15010.0,14980.0,14980.0,954.47877838,14304651.0407776,14942.0,15029.68364187596,15020.915277688364,15010.0,14938.5,15010.0,15016.693484719839,False,False,1.0
2024-03-22 18:23:00,14980.0,14980.0,14980.0,14980.0,66.75567423,999999.9999654,14944.5,15033.583048183615,15024.674743365253,15010.0,14942.0,14980.0,15020.915277688364,False,False,1.0
2024-03-22 18:24:00,14960.0,14960.0,14960.0,14960.0,348.43403368,5212573.1438528,14946.5,15035.061605082208,15026.205444573987,14980.0,14944.5,14980.0,15024.674743365253,False,False,1.0
2024-03-22 18:25:00,14960.0,14960.0,14960.0,14960.0,67.83172952,1014762.6736192,14948.5,15036.345558255744,15027.56100243017,14960.0,14946.5,14960.0,15026.205444573987,False,False,1.0
2024-03-22 18:26:00,14950.0,14970.0,14950.0,14970.0,98.88710527,1478854.9148637,14952.5,15036.323122045613,15027.940809841051,14960.0,14948.5,14960.0,15027.56100243017,False,False,1.0
2024-03-22 18:27:00,14980.0,15000.0,14970.0,15000.0,1095.54974168,16417303.2069266,14958.5,15037.513656381265,15029.612290743138,14970.0,14952.5,14970.0,15027.940809841051,False,False,1.0
2024-03-22 18:28:00,15000.0,15010.0,14980.0,14980.0,302.99257139,4543659.8120548,14964.0,15031.558941127843,15024.803047015059,15000.0,14958.5,15000.0,15029.612290743138,False,False,1.0
2024-03-22 18:29:00,15000.0,15000.0,14990.0,15000.0,242.26434059,3633465.0253361,14969.0,15031.205093715951,15024.984584344356,15010.0,14964.0,14980.0,15024.803047015059,False,False,1.0
2024-03-22 18:30:00,15000.0,15000.0,14970.0,14970.0,1.67207854,25054.7178927,14971.5,15029.2745163272,15023.497064694478,15000.0,14969.0,15000.0,15024.984584344356,False,False,1.0
2024-03-22 18:31:00,14960.0,14990.0,14950.0,14970.0,889.11239333,13293036.0319451,14973.5,15027.896207298125,15022.456586568313,15000.0,14971.5,14970.0,15023.497064694478,False,False,1.0
2024-03-22 18:32:00,14970.0,14970.0,14970.0,14970.0,36.69869027,549379.3933419,14976.0,15024.297324759731,15019.467592283758,14990.0,14973.5,14970.0,15022.456586568313,False,False,1.0
2024-03-22 18:33:00,14970.0,14990.0,14940.0,14940.0,177.26621282,2650680.1606286,14976.5,15022.964474261747,15018.318026835572,14970.0,14976.0,14970.0,15019.467592283758,True,False,1.0
2024-03-22 18:34:00,14940.0,14940.0,14900.0,14910.0,617.49002165,9207458.4506635,14975.5,15026.788656794548,15021.659791115093,14990.0,14976.5,14940.0,15018.318026835572,False,False,1.0
2024-03-22 18:35:00,14910.0,14910.0,14860.0,14900.0,5278.94243994,78536576.4222374,14973.0,15033.558801350855,15027.50292121577,14940.0,14975.5,14910.0,15021.659791115093,False,False,1.0
2024-03-22 18:36:00,14860.0,14910.0,14860.0,14910.0,2000.30695442,29753965.0026049,14970.5,15037.141223214903,15030.477100893413,14910.0,14973.0,14900.0,15027.50292121577,False,False,1.0
2024-03-22 18:37:00,14910.0,14910.0,14860.0,14860.0,278.09865601,4133216.7191201,14964.5,15047.210656094476,15038.939590485028,14910.0,14970.5,14910.0,15030.477100893413,False,False,1.0
2024-03-22 18:38:00,14880.0,14880.0,14850.0,14860.0,1494.06585567,22205957.6176723,14957.0,15049.018304815143,15039.81647433363,14910.0,14964.5,14860.0,15038.939590485028,False,False,1.0
2024-03-22 18:39:00,14860.0,14870.0,14860.0,14860.0,812.98566844,12081034.282514,14950.0,15049.260423024221,15039.334380721799,14880.0,14957.0,14860.0,15039.81647433363,False,False,1.0
2024-03-22 18:40:00,14860.0,14880.0,14860.0,14880.0,894.74409503,13301532.4338935,14943.5,15043.241771854282,15033.267594668854,14870.0,14950.0,14860.0,15039.334380721799,False,False,1.0
2024-03-22 18:41:00,14880.0,14880.0,14860.0,14870.0,873.00006646,12974138.2501389,14936.5,15036.241771854282,15026.267594668854,14880.0,14943.5,14880.0,15033.267594668854,False,False,1.0
2024-03-22 18:42:00,14870.0,14870.0,14810.0,14810.0,5740.40952134,85172947.2625843,14928.0,15040.315345532592,15029.083810979333,14880.0,14936.5,14870.0,15026.267594668854,False,False,1.0
2024-03-22 18:43:00,14810.0,14860.0,14800.0,14860.0,7386.62596474,109490923.226871,14922.0,15035.434423439505,15024.090981095555,14870.0,14928.0,14810.0,15029.083810979333,False,False,1.0
2024-03-22 18:44:00,14850.0,14850.0,14820.0,14850.0,1750.19117438,25960589.389388,14916.5,15032.80721568782,15021.176494119038,14860.0,14922.0,14860.0,15024.090981095555,False,False,1.0
2024-03-22 18:45:00,14850.0,14880.0,14850.0,14880.0,483.13678944,7180014.9397916,14912.5,15028.008031163024,15016.457228046722,14850.0,14916.5,14850.0,15021.176494119038,False,False,1.0
2024-03-22 18:46:00,14880.0,14880.0,14880.0,14880.0,1023.82380483,15234498.2158704,14908.0,15021.062628196665,15009.756365377,14880.0,14912.5,14880.0,15016.457228046722,False,False,1.0
2024-03-22 18:47:00,14870.0,14870.0,14860.0,14860.0,299.25049311,4447540.5234857,14901.0,15007.207344378818,14996.586609940936,14880.0,14908.0,14880.0,15009.756365377,False,False,1.0
2024-03-22 18:48:00,14860.0,14890.0,14850.0,14890.0,121.88573199,1810913.3465736,14896.5,14996.030476686663,14986.077429017996,14870.0,14901.0,14860.0,14996.586609940936,False,False,1.0
2024-03-22 18:49:00,14880.0,14880.0,14860.0,14870.0,234.15923912,3483473.3508492,14890.0,14977.298640491017,14968.568776441916,14890.0,14896.5,14890.0,14986.077429017996,False,False,1.0
2024-03-22 18:50:00,14880.0,14890.0,14860.0,14860.0,750.06921477,11150481.4905849,14884.5,14964.097672539372,14956.137905285435,14880.0,14890.0,14870.0,14968.568776441916,True,False,1.0
2024-03-22 18:51:00,14870.0,14870.0,14830.0,14830.0,1572.20767731,23355848.9092056,14877.5,14949.720422829594,14942.498380546635,14890.0,14884.5,14860.0,14956.137905285435,False,False,1.0
2024-03-22 18:52:00,14830.0,14830.0,14810.0,14820.0,434.06093706,6432841.7595637,14870.0,14932.23892841725,14926.015035575525,14870.0,14877.5,14830.0,14942.498380546635,False,False,1.0
2024-03-22 18:53:00,14830.0,14830.0,14800.0,14800.0,1241.78342602,18396320.2364199,14863.0,14923.558801350868,14917.50292121578,14830.0,14870.0,14820.0,14926.015035575525,False,False,1.0
2024-03-22 18:54:00,14800.0,14810.0,14780.0,14780.0,2642.75765164,39086620.1100351,14856.5,14923.393473837936,14916.704126454142,14830.0,14863.0,14800.0,14917.50292121578,False,False,1.0
2024-03-22 18:55:00,14770.0,14780.0,14770.0,14780.0,1214.11102055,17938410.5872936,14850.5,14922.311155855234,14915.13004026971,14810.0,14856.5,14780.0,14916.704126454142,False,False,1.0
2024-03-22 18:56:00,14780.0,14820.0,14760.0,14810.0,513.25393783,7588300.7877602,14845.5,14913.702484906124,14906.882236415511,14780.0,14850.5,14780.0,14915.13004026971,False,False,1.0
2024-03-22 18:57:00,14820.0,14820.0,14820.0,14820.0,219.0003565,3245585.28333,14843.5,14912.255860994203,14905.380274894782,14820.0,14845.5,14810.0,14906.882236415511,False,False,1.0
2024-03-22 18:58:00,14820.0,14830.0,14810.0,14820.0,3380.16041962,50121428.2061849,14841.5,14910.561376211397,14903.655238590258,14820.0,14843.5,14820.0,14905.380274894782,False,False,1.0
2024-03-22 18:59:00,14820.0,14850.0,14820.0,14850.0,419.06944849,6219702.4067498,14841.0,14909.640942209224,14902.776847988302,14830.0,14841.5,14820.0,14903.655238590258,True,False,1.0
2024-03-22 19:00:00,14820.0,14820.0,14800.0,14820.0,753.48128102,11165249.4013718,14838.0,14904.680700277331,14898.012630249597,14850.0,14841.0,14850.0,14902.776847988302,False,False,1.0
2024-03-22 19:01:00,14830.0,14840.0,14820.0,14840.0,546.12802404,8101667.2252799,14836.5,14901.477728978163,14894.979956080348,14820.0,14838.0,14820.0,14898.012630249597,True,False,1.0
2024-03-22 19:02:00,14840.0,14870.0,14840.0,14860.0,906.37455488,13469461.104992,14839.0,14903.530694450916,14897.077625005824,14840.0,14836.5,14840.0,14894.979956080348,False,False,1.0
2024-03-22 19:03:00,14870.0,14870.0,14830.0,14840.0,2167.68335857,32183922.0638244,14838.0,14901.775923521767,14895.39833116959,14870.0,14839.0,14860.0,14897.077625005824,False,False,1.0
2024-03-22 19:04:00,14830.0,14830.0,14810.0,14810.0,1029.66781478,15260883.3206176,14836.0,14900.69360986911,14894.224248882198,14870.0,14838.0,14840.0,14895.39833116959,False,False,1.0
2024-03-22 19:05:00,14810.0,14820.0,14810.0,14810.0,1190.92554776,17642607.3623256,14832.5,14894.69663216472,14888.476968948247,14830.0,14836.0,14810.0,14894.224248882198,False,False,1.0
2024-03-22 19:06:00,14810.0,14810.0,14790.0,14790.0,883.68804651,13076544.849847,14828.0,14888.732372361315,14882.659135125185,14820.0,14832.5,14810.0,14888.476968948247,False,False,1.0
2024-03-22 19:07:00,14790.0,14790.0,14750.0,14760.0,1073.54964981,15854662.1097941,14823.0,14888.88666505129,14882.29799854616,14810.0,14828.0,14790.0,14882.659135125185,False,False,1.0
2024-03-22 19:08:00,14760.0,14760.0,14740.0,14740.0,636.4354654,9384649.0926289,14815.5,14883.393104835563,14876.603794352006,14790.0,14823.0,14760.0,14882.29799854616,False,False,1.0
2024-03-22 19:09:00,14770.0,14770.0,14760.0,14760.0,1336.10228725,19723407.325203,14810.0,14877.12125712393,14870.409131411538,14760.0,14815.5,14740.0,14876.603794352006,False,False,1.0
2024-03-22 19:10:00,14760.0,14780.0,14740.0,14780.0,350.79609246,5173257.0164098,14806.0,14870.039461518514,14863.635515366663,14770.0,14810.0,14760.0,14870.409131411538,False,False,1.0
2024-03-22 19:11:00,14780.0,14780.0,14750.0,14780.0,1401.28085381,20673508.1076944,14803.5,14867.49835524204,14861.098519717836,14780.0,14806.0,14780.0,14863.635515366663,False,False,1.0
2024-03-22 19:12:00,14790.0,14810.0,14780.0,14780.0,606.42198676,8976201.305135,14801.5,14865.826469954789,14859.39382295931,14780.0,14803.5,14780.0,14861.098519717836,True,False,1.0
2024-03-22 19:13:00,14800.0,14800.0,14780.0,14780.0,428.63016453,6336207.547326,14800.5,14865.54249622971,14859.038246606739,14810.0,14801.5,14780.0,14859.39382295931,False,False,1.0
2024-03-22 19:14:00,14780.0,14780.0,14760.0,14770.0,499.5290986,7378041.6367437,14800.0,14865.854704503668,14859.269234053301,14800.0,14800.5,14780.0,14859.038246606739,False,False,1.0
2024-03-22 19:15:00,14770.0,14770.0,14700.0,14700.0,4547.45929396,66918876.0872391,14796.0,14875.312838278502,14867.38155445065,14780.0,14800.0,14770.0,14859.269234053301,False,False,1.0
2024-03-22 19:16:00,14700.0,14770.0,14700.0,14760.0,3632.20799147,53465113.8615508,14793.5,14874.09646067717,14866.036814609453,14770.0,14796.0,14700.0,14867.38155445065,False,False,1.0
2024-03-22 19:17:00,14760.0,14780.0,14750.0,14780.0,133.78723953,1974818.7287566,14791.5,14871.308982478246,14863.328084230421,14770.0,14793.5,14760.0,14866.036814609453,False,False,1.0
2024-03-22 19:18:00,14770.0,14800.0,14770.0,14790.0,859.11174347,12691545.449126,14790.0,14868.673208172877,14860.80588735559,14780.0,14791.5,14780.0,14863.328084230421,True,False,1.0
2024-03-22 19:19:00,14790.0,14790.0,14770.0,14770.0,1400.68100356,20712111.8842268,14786.0,14859.81342054555,14852.432078490994,14800.0,14790.0,14790.0,14860.80588735559,False,False,1.0
2024-03-22 19:20:00,14800.0,14800.0,14760.0,14770.0,293.12454064,4328335.199996,14783.5,14855.836930947822,14848.60323785304,14790.0,14786.0,14770.0,14852.432078490994,False,False,1.0
2024-03-22 19:21:00,14780.0,14800.0,14780.0,14800.0,2291.24703934,33893669.8011605,14781.5,14849.331059490336,14842.547953541303,14800.0,14783.5,14770.0,14848.60323785304,False,False,1.0
2024-03-22 19:22:00,14810.0,14810.0,14800.0,14800.0,641.5366669,9499058.2867882,14778.5,14836.274516327225,14830.497064694502,14800.0,14781.5,14800.0,14842.547953541303,False,False,1.0
